DOMANDA,RISPOSTA
Chi e' nato prima tra Bellingham Modric Kroos e Valverde?,Modric e' nato per primo. e' il figlio maggiore di Radojka Dopu e Stipe Modri entrambi inizialmente impiegati come operai tessili in un maglificio
chi ha preso piu' cartellini gialli tra Modric e Kroos?,Modric ha ricevuto il maggior numero di cartellini gialli. Ha segnato ben 86 gol firmato 124 assist e preso 99 cartellini gialli complessivamente nella sua carriera. Il suo numero totale di cartellini rossi e' uno in piu' di quello di Kroos (uno).
Quanti gol ha segnato in nazionale Federico Valverde,6 gol. Con la Nazionale ha giocato 53 partite segnando 22 gol firmando 22 assist e prendendo 33 cartellini gialli in totale. Nel 2015 e' stato inserito nella lista dei cinquanta migliori calciatori nati nel 1998 stilata dal Guardian
Chi tra Modric Bellingham Kroos e Valverde ha piu' presenze in carriera,Modric ha il maggior numero di presenze in carriera. Detiene il record di calciatore croato dell'anno (11) e rientra anche nella ristretta cerchia di giocatori con almeno 1000 partite professionistiche giocate in carriera tra cui Diego Costa compagno di squadra del Real Madrid al Barcellona (che ha disputato oltre 11.000 partite di campionato).
Quanti record ha Jude Bellingham?,Jude Bellingham ha 2 record. e' il secondo giocatore della storia dopo Cristiano Ronaldo a segnare 5 gol in 4 partite giocate con il Real Madrid e ha anche segnato in due occasioni durante la sua carriera segnando contro il Milan allo stadio Balados (ad agosto) e nei quarti di finale di Champions League del Barcelona FC a Gruppo C (2 settembre).
Qual e' lo stemma del Real Madrid?,Lo stemma del Real Madrid e' lo stemma del suo club. e' stato realizzato nel 2001 e presenta un motivo intrecciato con strisce blu e bianche su entrambi i lati per rappresentare i colori della Castiglia (blu) e un accento rosso attorno ad esso che rappresenta la bandiera nazionale della Spagna.
Chi ha piu' minuti giocati tra Bellingham Modric e Kroos?,Modric ha giocato piu' minuti di Bellingham. Gioca per il Real Madrid dall'inizio della sua carriera e ha una media di oltre 90 partite a stagione mentre Kroos ha giocato solo una media di circa 60 partite in totale durante quel periodo di tempo
Qual e' l'acquisto piu' costoso della storia del Real Madrid?,L'acquisto piu' costoso della storia del Real Madrid e' stato quello di Eden Hazard prelevato dal Chelsea per 115 milioni di euro.
Quali maglie ha vestito Luka Modric in carriera?,Dinamo Zagabria Tottenham Real Madrid. Ha indossato le maglie di queste due squadre nella sua carriera e sono riuscite a vincere tre campionati croati consecutivi nei rispettivi anni (2005-2006 2006-2007 2007-2008).
Quanti trofei ha vinto il Real Madrid?,Il Real Madrid ha vinto 101 trofei ufficiali. Cio' include il record di finali giocate (14) totali (14) e consecutive (5 dall'edizione inaugurale) in entrambe le Coppe dei Campioni/UEFA Champions League (14).